engine,n_policies,run,sample_ms
kyverno,0,1,6.958
kyverno,0,1,6.525
kyverno,0,1,5.919
kyverno,0,1,5.985
kyverno,0,1,5.235
kyverno,0,1,6.099
kyverno,0,1,5.657
kyverno,0,1,5.274
kyverno,0,1,5.595
kyverno,0,1,5.414
kyverno,0,1,5.055
kyverno,0,1,5.443
kyverno,0,1,5.088
kyverno,0,1,29.996
kyverno,0,1,6.443
kyverno,0,1,4.937
kyverno,0,1,4.837
kyverno,0,1,4.822
kyverno,0,1,5.680
kyverno,0,1,7.891
kyverno,0,1,6.520
kyverno,0,1,4.916
kyverno,0,1,5.994
kyverno,0,1,5.913
kyverno,0,1,4.958
kyverno,0,1,5.329
kyverno,0,1,4.941
kyverno,0,1,5.153
kyverno,0,1,6.121
kyverno,0,1,5.567
kyverno,0,1,5.244
kyverno,0,1,5.377
kyverno,0,1,5.642
kyverno,0,1,4.692
kyverno,0,1,5.519
kyverno,0,1,79.359
kyverno,0,1,7.087
kyverno,0,1,5.122
kyverno,0,1,5.368
kyverno,0,1,5.116
kyverno,0,1,5.365
kyverno,0,1,5.034
kyverno,0,1,5.305
kyverno,0,1,5.516
kyverno,0,1,5.474
kyverno,0,1,5.181
kyverno,0,1,5.654
kyverno,0,1,5.060
kyverno,0,1,5.235
kyverno,0,1,5.411
kyverno,0,1,5.867
kyverno,0,1,5.882
kyverno,0,1,6.859
kyverno,0,1,6.363
kyverno,0,1,6.423
kyverno,0,1,5.550
kyverno,0,1,6.776
kyverno,0,1,7.721
kyverno,0,1,5.509
kyverno,0,1,5.998
kyverno,0,1,6.567
kyverno,0,1,6.310
kyverno,0,1,5.299
kyverno,0,1,5.104
kyverno,0,1,5.551
kyverno,0,1,5.921
kyverno,0,1,5.882
kyverno,0,1,6.296
kyverno,0,1,5.298
kyverno,0,1,5.806
kyverno,0,1,5.992
kyverno,0,1,5.234
kyverno,0,1,5.970
kyverno,0,1,5.696
kyverno,0,1,6.528
kyverno,0,1,6.814
kyverno,0,1,7.172
kyverno,0,1,6.553
kyverno,0,1,6.267
kyverno,0,1,6.115
kyverno,0,1,6.078
kyverno,0,1,5.897
kyverno,0,1,6.653
kyverno,0,1,5.872
kyverno,0,1,6.379
kyverno,0,1,6.793
kyverno,0,1,6.720
kyverno,0,1,5.981
kyverno,0,1,6.487
kyverno,0,1,8.311
kyverno,0,1,6.783
kyverno,0,1,6.656
kyverno,0,1,5.800
kyverno,0,1,5.678
kyverno,0,1,6.046
kyverno,0,1,5.300
kyverno,0,1,5.673
kyverno,0,1,5.403
kyverno,0,1,5.025
kyverno,0,1,5.784
kyverno,5,1,12.826
kyverno,5,1,12.446
kyverno,5,1,12.019
kyverno,5,1,11.419
kyverno,5,1,11.245
kyverno,5,1,12.690
kyverno,5,1,11.309
kyverno,5,1,10.066
kyverno,5,1,10.213
kyverno,5,1,10.977
kyverno,5,1,10.025
kyverno,5,1,10.474
kyverno,5,1,9.735
kyverno,5,1,10.699
kyverno,5,1,10.479
kyverno,5,1,10.643
kyverno,5,1,10.768
kyverno,5,1,10.887
kyverno,5,1,10.265
kyverno,5,1,11.496
kyverno,5,1,10.633
kyverno,5,1,10.941
kyverno,5,1,10.829
kyverno,5,1,12.206
kyverno,5,1,11.071
kyverno,5,1,10.720
kyverno,5,1,10.964
kyverno,5,1,13.449
kyverno,5,1,10.685
kyverno,5,1,10.136
kyverno,5,1,11.053
kyverno,5,1,9.886
kyverno,5,1,10.815
kyverno,5,1,10.334
kyverno,5,1,9.938
kyverno,5,1,11.971
kyverno,5,1,12.145
kyverno,5,1,10.112
kyverno,5,1,9.992
kyverno,5,1,9.573
kyverno,5,1,28.501
kyverno,5,1,14.163
kyverno,5,1,13.004
kyverno,5,1,14.210
kyverno,5,1,15.578
kyverno,5,1,11.788
kyverno,5,1,11.374
kyverno,5,1,10.643
kyverno,5,1,9.782
kyverno,5,1,10.941
kyverno,5,1,10.934
kyverno,5,1,80.540
kyverno,5,1,10.016
kyverno,5,1,10.250
kyverno,5,1,10.342
kyverno,5,1,10.545
kyverno,5,1,10.728
kyverno,5,1,9.940
kyverno,5,1,9.277
kyverno,5,1,9.389
kyverno,5,1,10.397
kyverno,5,1,9.984
kyverno,5,1,10.167
kyverno,5,1,10.185
kyverno,5,1,9.992
kyverno,5,1,9.860
kyverno,5,1,10.446
kyverno,5,1,83.349
kyverno,5,1,15.837
kyverno,5,1,12.886
kyverno,5,1,10.703
kyverno,5,1,14.112
kyverno,5,1,12.191
kyverno,5,1,13.192
kyverno,5,1,13.268
kyverno,5,1,13.258
kyverno,5,1,13.071
kyverno,5,1,13.382
kyverno,5,1,10.527
kyverno,5,1,11.479
kyverno,5,1,12.392
kyverno,5,1,10.141
kyverno,5,1,10.395
kyverno,5,1,10.032
kyverno,5,1,11.112
kyverno,5,1,9.872
kyverno,5,1,11.240
kyverno,5,1,11.158
kyverno,5,1,10.731
kyverno,5,1,10.156
kyverno,5,1,9.714
kyverno,5,1,10.374
kyverno,5,1,10.454
kyverno,5,1,9.992
kyverno,5,1,10.233
kyverno,5,1,9.263
kyverno,5,1,80.836
kyverno,5,1,10.077
kyverno,5,1,10.281
kyverno,5,1,13.688
kyverno,10,1,11.690
kyverno,10,1,11.407
kyverno,10,1,11.434
kyverno,10,1,10.283
kyverno,10,1,10.872
kyverno,10,1,10.945
kyverno,10,1,10.160
kyverno,10,1,16.455
kyverno,10,1,13.415
kyverno,10,1,12.305
kyverno,10,1,13.336
kyverno,10,1,11.720
kyverno,10,1,13.034
kyverno,10,1,11.544
kyverno,10,1,25.513
kyverno,10,1,16.230
kyverno,10,1,16.367
kyverno,10,1,15.915
kyverno,10,1,15.290
kyverno,10,1,12.795
kyverno,10,1,83.203
kyverno,10,1,11.154
kyverno,10,1,11.402
kyverno,10,1,10.743
kyverno,10,1,10.101
kyverno,10,1,11.571
kyverno,10,1,11.554
kyverno,10,1,12.585
kyverno,10,1,12.622
kyverno,10,1,12.062
kyverno,10,1,12.739
kyverno,10,1,12.902
kyverno,10,1,12.145
kyverno,10,1,11.088
kyverno,10,1,13.489
kyverno,10,1,11.656
kyverno,10,1,13.523
kyverno,10,1,15.772
kyverno,10,1,15.653
kyverno,10,1,11.473
kyverno,10,1,12.993
kyverno,10,1,13.588
kyverno,10,1,13.414
kyverno,10,1,12.846
kyverno,10,1,12.136
kyverno,10,1,11.564
kyverno,10,1,11.797
kyverno,10,1,12.763
kyverno,10,1,11.294
kyverno,10,1,11.743
kyverno,10,1,12.121
kyverno,10,1,11.869
kyverno,10,1,12.318
kyverno,10,1,11.116
kyverno,10,1,11.080
kyverno,10,1,11.772
kyverno,10,1,12.561
kyverno,10,1,11.787
kyverno,10,1,11.099
kyverno,10,1,61.545
kyverno,10,1,11.233
kyverno,10,1,14.029
kyverno,10,1,15.695
kyverno,10,1,14.518
kyverno,10,1,13.883
kyverno,10,1,14.168
kyverno,10,1,75.158
kyverno,10,1,12.236
kyverno,10,1,12.266
kyverno,10,1,77.640
kyverno,10,1,10.612
kyverno,10,1,11.206
kyverno,10,1,10.676
kyverno,10,1,81.188
kyverno,10,1,13.376
kyverno,10,1,14.966
kyverno,10,1,15.332
kyverno,10,1,83.901
kyverno,10,1,12.247
kyverno,10,1,12.106
kyverno,10,1,13.633
kyverno,10,1,14.554
kyverno,10,1,15.349
kyverno,10,1,13.138
kyverno,10,1,14.702
kyverno,10,1,13.456
kyverno,10,1,14.134
kyverno,10,1,15.757
kyverno,10,1,13.742
kyverno,10,1,18.321
kyverno,10,1,15.862
kyverno,10,1,13.431
kyverno,10,1,13.793
kyverno,10,1,15.632
kyverno,10,1,18.787
kyverno,10,1,83.768
kyverno,10,1,12.185
kyverno,10,1,13.271
kyverno,10,1,14.085
kyverno,10,1,13.498
kyverno,15,1,14.950
kyverno,15,1,12.201
kyverno,15,1,11.495
kyverno,15,1,12.007
kyverno,15,1,12.058
kyverno,15,1,12.244
kyverno,15,1,13.279
kyverno,15,1,75.446
kyverno,15,1,12.378
kyverno,15,1,11.784
kyverno,15,1,12.650
kyverno,15,1,87.088
kyverno,15,1,12.373
kyverno,15,1,13.100
kyverno,15,1,13.586
kyverno,15,1,12.777
kyverno,15,1,13.015
kyverno,15,1,12.758
kyverno,15,1,12.912
kyverno,15,1,14.477
kyverno,15,1,12.515
kyverno,15,1,12.302
kyverno,15,1,13.596
kyverno,15,1,13.336
kyverno,15,1,12.947
kyverno,15,1,13.838
kyverno,15,1,13.090
kyverno,15,1,11.991
kyverno,15,1,12.645
kyverno,15,1,12.117
kyverno,15,1,11.406
kyverno,15,1,16.320
kyverno,15,1,12.739
kyverno,15,1,13.716
kyverno,15,1,14.618
kyverno,15,1,14.633
kyverno,15,1,13.554
kyverno,15,1,12.094
kyverno,15,1,12.573
kyverno,15,1,13.658
kyverno,15,1,13.723
kyverno,15,1,11.947
kyverno,15,1,12.576
kyverno,15,1,12.991
kyverno,15,1,14.476
kyverno,15,1,12.212
kyverno,15,1,11.821
kyverno,15,1,15.533
kyverno,15,1,16.703
kyverno,15,1,31.307
kyverno,15,1,16.406
kyverno,15,1,14.288
kyverno,15,1,12.513
kyverno,15,1,12.745
kyverno,15,1,12.726
kyverno,15,1,13.577
kyverno,15,1,12.272
kyverno,15,1,12.520
kyverno,15,1,12.142
kyverno,15,1,11.942
kyverno,15,1,12.528
kyverno,15,1,11.874
kyverno,15,1,12.541
kyverno,15,1,11.421
kyverno,15,1,12.423
kyverno,15,1,12.464
kyverno,15,1,13.511
kyverno,15,1,13.445
kyverno,15,1,11.697
kyverno,15,1,11.526
kyverno,15,1,11.833
kyverno,15,1,11.739
kyverno,15,1,15.279
kyverno,15,1,13.992
kyverno,15,1,12.353
kyverno,15,1,12.623
kyverno,15,1,12.912
kyverno,15,1,72.306
kyverno,15,1,14.648
kyverno,15,1,12.038
kyverno,15,1,12.484
kyverno,15,1,12.426
kyverno,15,1,12.484
kyverno,15,1,12.374
kyverno,15,1,12.093
kyverno,15,1,12.797
kyverno,15,1,13.475
kyverno,15,1,13.269
kyverno,15,1,13.271
kyverno,15,1,13.706
kyverno,15,1,13.070
kyverno,15,1,12.392
kyverno,15,1,12.818
kyverno,15,1,13.237
kyverno,15,1,14.415
kyverno,15,1,19.549
kyverno,15,1,15.773
kyverno,15,1,16.540
kyverno,15,1,16.470
kyverno,15,1,13.615
kyverno,15,2,12.924
kyverno,15,2,12.212
kyverno,15,2,11.943
kyverno,15,2,12.266
kyverno,15,2,11.614
kyverno,15,2,12.340
kyverno,15,2,12.527
kyverno,15,2,12.320
kyverno,15,2,12.690
kyverno,15,2,12.317
kyverno,15,2,13.268
kyverno,15,2,29.282
kyverno,15,2,12.518
kyverno,15,2,12.693
kyverno,15,2,12.226
kyverno,15,2,12.347
kyverno,15,2,13.430
kyverno,15,2,12.099
kyverno,15,2,12.657
kyverno,15,2,12.747
kyverno,15,2,14.732
kyverno,15,2,11.720
kyverno,15,2,12.441
kyverno,15,2,12.492
kyverno,15,2,12.188
kyverno,15,2,12.309
kyverno,15,2,12.882
kyverno,15,2,12.745
kyverno,15,2,12.953
kyverno,15,2,12.167
kyverno,15,2,72.350
kyverno,15,2,12.780
kyverno,15,2,12.934
kyverno,15,2,13.204
kyverno,15,2,11.925
kyverno,15,2,11.794
kyverno,15,2,12.301
kyverno,15,2,12.111
kyverno,15,2,12.148
kyverno,15,2,12.208
kyverno,15,2,13.740
kyverno,15,2,12.494
kyverno,15,2,12.798
kyverno,15,2,14.797
kyverno,15,2,18.096
kyverno,15,2,14.034
kyverno,15,2,13.176
kyverno,15,2,12.695
kyverno,15,2,12.548
kyverno,15,2,12.606
kyverno,15,2,12.621
kyverno,15,2,12.767
kyverno,15,2,82.882
kyverno,15,2,13.130
kyverno,15,2,13.764
kyverno,15,2,13.291
kyverno,15,2,12.549
kyverno,15,2,11.902
kyverno,15,2,12.044
kyverno,15,2,12.671
kyverno,15,2,13.126
kyverno,15,2,14.179
kyverno,15,2,12.237
kyverno,15,2,12.218
kyverno,15,2,15.215
kyverno,15,2,14.802
kyverno,15,2,24.438
kyverno,15,2,16.872
kyverno,15,2,13.474
kyverno,15,2,12.275
kyverno,15,2,45.421
kyverno,15,2,12.311
kyverno,15,2,11.846
kyverno,15,2,13.477
kyverno,15,2,16.159
kyverno,15,2,14.428
kyverno,15,2,72.803
kyverno,15,2,13.933
kyverno,15,2,13.329
kyverno,15,2,12.611
kyverno,15,2,12.092
kyverno,15,2,13.821
kyverno,15,2,14.942
kyverno,15,2,14.251
kyverno,15,2,13.365
kyverno,15,2,14.064
kyverno,15,2,14.518
kyverno,15,2,15.230
kyverno,15,2,16.113
kyverno,15,2,88.017
kyverno,15,2,17.586
kyverno,15,2,16.910
kyverno,15,2,14.031
kyverno,15,2,12.809
kyverno,15,2,13.397
kyverno,15,2,13.118
kyverno,15,2,12.336
kyverno,15,2,12.157
kyverno,15,2,12.320
kyverno,15,2,12.686
kyverno,15,3,20.278
kyverno,15,3,17.589
kyverno,15,3,17.580
kyverno,15,3,16.285
kyverno,15,3,12.853
kyverno,15,3,12.809
kyverno,15,3,11.665
kyverno,15,3,11.509
kyverno,15,3,42.265
kyverno,15,3,13.390
kyverno,15,3,13.874
kyverno,15,3,14.095
kyverno,15,3,13.344
kyverno,15,3,13.219
kyverno,15,3,17.514
kyverno,15,3,13.305
kyverno,15,3,13.566
kyverno,15,3,13.460
kyverno,15,3,13.075
kyverno,15,3,61.492
kyverno,15,3,16.104
kyverno,15,3,15.102
kyverno,15,3,14.997
kyverno,15,3,16.406
kyverno,15,3,80.625
kyverno,15,3,15.262
kyverno,15,3,14.582
kyverno,15,3,16.255
kyverno,15,3,15.318
kyverno,15,3,13.087
kyverno,15,3,85.317
kyverno,15,3,14.183
kyverno,15,3,15.350
kyverno,15,3,14.428
kyverno,15,3,13.163
kyverno,15,3,12.573
kyverno,15,3,13.538
kyverno,15,3,15.899
kyverno,15,3,13.231
kyverno,15,3,12.563
kyverno,15,3,13.392
kyverno,15,3,13.260
kyverno,15,3,16.189
kyverno,15,3,14.364
kyverno,15,3,13.413
kyverno,15,3,13.844
kyverno,15,3,13.983
kyverno,15,3,16.327
kyverno,15,3,13.807
kyverno,15,3,14.893
kyverno,15,3,13.408
kyverno,15,3,13.847
kyverno,15,3,13.380
kyverno,15,3,12.030
kyverno,15,3,13.086
kyverno,15,3,11.862
kyverno,15,3,13.597
kyverno,15,3,12.750
kyverno,15,3,15.431
kyverno,15,3,12.950
kyverno,15,3,11.932
kyverno,15,3,12.647
kyverno,15,3,12.652
kyverno,15,3,12.146
kyverno,15,3,11.913
kyverno,15,3,11.485
kyverno,15,3,13.033
kyverno,15,3,13.584
kyverno,15,3,12.219
kyverno,15,3,12.190
kyverno,15,3,11.816
kyverno,15,3,12.106
kyverno,15,3,12.679
kyverno,15,3,13.836
kyverno,15,3,12.870
kyverno,15,3,12.524
kyverno,15,3,12.345
kyverno,15,3,11.836
kyverno,15,3,12.195
kyverno,15,3,12.828
kyverno,15,3,15.867
kyverno,15,3,13.059
kyverno,15,3,11.991
kyverno,15,3,13.534
kyverno,15,3,11.970
kyverno,15,3,12.163
kyverno,15,3,12.450
kyverno,15,3,11.715
kyverno,15,3,12.180
kyverno,15,3,12.142
kyverno,15,3,12.529
kyverno,15,3,12.038
kyverno,15,3,11.665
kyverno,15,3,13.964
kyverno,15,3,13.656
kyverno,15,3,13.247
kyverno,15,3,11.642
kyverno,15,3,11.784
kyverno,15,3,11.945
kyverno,15,3,11.168
kyverno,15,4,11.667
kyverno,15,4,13.511
kyverno,15,4,12.464
kyverno,15,4,12.138
kyverno,15,4,16.594
kyverno,15,4,12.017
kyverno,15,4,15.515
kyverno,15,4,12.567
kyverno,15,4,13.818
kyverno,15,4,12.584
kyverno,15,4,12.253
kyverno,15,4,13.864
kyverno,15,4,81.609
kyverno,15,4,14.061
kyverno,15,4,12.717
kyverno,15,4,14.171
kyverno,15,4,13.311
kyverno,15,4,12.858
kyverno,15,4,60.197
kyverno,15,4,11.870
kyverno,15,4,11.884
kyverno,15,4,11.851
kyverno,15,4,11.549
kyverno,15,4,11.446
kyverno,15,4,12.935
kyverno,15,4,14.745
kyverno,15,4,12.153
kyverno,15,4,12.158
kyverno,15,4,12.748
kyverno,15,4,12.324
kyverno,15,4,12.362
kyverno,15,4,12.399
kyverno,15,4,11.881
kyverno,15,4,13.510
kyverno,15,4,13.861
kyverno,15,4,12.222
kyverno,15,4,12.985
kyverno,15,4,14.113
kyverno,15,4,13.665
kyverno,15,4,11.885
kyverno,15,4,11.945
kyverno,15,4,12.815
kyverno,15,4,14.136
kyverno,15,4,13.782
kyverno,15,4,12.973
kyverno,15,4,11.692
kyverno,15,4,11.700
kyverno,15,4,11.892
kyverno,15,4,15.408
kyverno,15,4,12.547
kyverno,15,4,13.113
kyverno,15,4,13.853
kyverno,15,4,13.325
kyverno,15,4,11.589
kyverno,15,4,12.199
kyverno,15,4,12.970
kyverno,15,4,12.583
kyverno,15,4,11.711
kyverno,15,4,11.866
kyverno,15,4,13.733
kyverno,15,4,12.675
kyverno,15,4,12.895
kyverno,15,4,13.876
kyverno,15,4,12.053
kyverno,15,4,12.921
kyverno,15,4,13.842
kyverno,15,4,12.139
kyverno,15,4,13.771
kyverno,15,4,13.673
kyverno,15,4,12.913
kyverno,15,4,12.605
kyverno,15,4,18.405
kyverno,15,4,11.910
kyverno,15,4,13.123
kyverno,15,4,12.066
kyverno,15,4,13.220
kyverno,15,4,12.070
kyverno,15,4,11.923
kyverno,15,4,11.889
kyverno,15,4,11.768
kyverno,15,4,11.808
kyverno,15,4,11.995
kyverno,15,4,11.953
kyverno,15,4,11.770
kyverno,15,4,12.839
kyverno,15,4,12.228
kyverno,15,4,12.441
kyverno,15,4,12.972
kyverno,15,4,11.574
kyverno,15,4,12.663
kyverno,15,4,11.812
kyverno,15,4,11.655
kyverno,15,4,11.594
kyverno,15,4,14.237
kyverno,15,4,13.074
kyverno,15,4,12.722
kyverno,15,4,12.413
kyverno,15,4,12.243
kyverno,15,4,11.724
kyverno,15,4,12.325
kyverno,15,5,14.919
kyverno,15,5,12.220
kyverno,15,5,12.518
kyverno,15,5,12.072
kyverno,15,5,13.097
kyverno,15,5,12.809
kyverno,15,5,11.876
kyverno,15,5,12.607
kyverno,15,5,12.243
kyverno,15,5,11.270
kyverno,15,5,12.491
kyverno,15,5,13.309
kyverno,15,5,13.076
kyverno,15,5,12.545
kyverno,15,5,12.244
kyverno,15,5,13.042
kyverno,15,5,12.680
kyverno,15,5,15.179
kyverno,15,5,17.704
kyverno,15,5,13.499
kyverno,15,5,12.497
kyverno,15,5,12.925
kyverno,15,5,12.680
kyverno,15,5,13.680
kyverno,15,5,16.067
kyverno,15,5,16.570
kyverno,15,5,14.628
kyverno,15,5,12.928
kyverno,15,5,16.050
kyverno,15,5,14.510
kyverno,15,5,12.625
kyverno,15,5,12.270
kyverno,15,5,12.624
kyverno,15,5,11.217
kyverno,15,5,11.983
kyverno,15,5,12.186
kyverno,15,5,13.926
kyverno,15,5,12.281
kyverno,15,5,11.598
kyverno,15,5,11.744
kyverno,15,5,14.288
kyverno,15,5,12.474
kyverno,15,5,12.021
kyverno,15,5,13.196
kyverno,15,5,12.994
kyverno,15,5,12.468
kyverno,15,5,11.777
kyverno,15,5,14.633
kyverno,15,5,13.354
kyverno,15,5,15.345
kyverno,15,5,13.885
kyverno,15,5,17.078
kyverno,15,5,15.080
kyverno,15,5,16.017
kyverno,15,5,14.080
kyverno,15,5,14.077
kyverno,15,5,14.326
kyverno,15,5,17.616
kyverno,15,5,19.729
kyverno,15,5,19.650
kyverno,15,5,16.343
kyverno,15,5,15.527
kyverno,15,5,85.313
kyverno,15,5,13.645
kyverno,15,5,12.824
kyverno,15,5,13.535
kyverno,15,5,12.775
kyverno,15,5,15.442
kyverno,15,5,14.311
kyverno,15,5,13.019
kyverno,15,5,12.463
kyverno,15,5,12.617
kyverno,15,5,12.689
kyverno,15,5,11.900
kyverno,15,5,11.996
kyverno,15,5,14.049
kyverno,15,5,13.892
kyverno,15,5,15.416
kyverno,15,5,14.925
kyverno,15,5,14.007
kyverno,15,5,14.823
kyverno,15,5,18.768
kyverno,15,5,14.569
kyverno,15,5,18.155
kyverno,15,5,25.771
kyverno,15,5,21.781
kyverno,15,5,17.714
kyverno,15,5,17.954
kyverno,15,5,17.985
kyverno,15,5,13.990
kyverno,15,5,13.951
kyverno,15,5,15.320
kyverno,15,5,17.980
kyverno,15,5,18.756
kyverno,15,5,19.372
kyverno,15,5,19.150
kyverno,15,5,17.852
kyverno,15,5,18.718
kyverno,15,5,16.347
kyverno,15,5,13.897
gatekeeper,0,1,9.315
gatekeeper,0,1,8.870
gatekeeper,0,1,9.101
gatekeeper,0,1,8.688
gatekeeper,0,1,8.732
gatekeeper,0,1,8.598
gatekeeper,0,1,8.403
gatekeeper,0,1,9.714
gatekeeper,0,1,9.873
gatekeeper,0,1,9.367
gatekeeper,0,1,10.143
gatekeeper,0,1,8.762
gatekeeper,0,1,9.331
gatekeeper,0,1,9.244
gatekeeper,0,1,11.385
gatekeeper,0,1,10.633
gatekeeper,0,1,9.650
gatekeeper,0,1,9.695
gatekeeper,0,1,9.849
gatekeeper,0,1,9.635
gatekeeper,0,1,14.436
gatekeeper,0,1,9.596
gatekeeper,0,1,9.400
gatekeeper,0,1,10.407
gatekeeper,0,1,8.825
gatekeeper,0,1,8.521
gatekeeper,0,1,8.558
gatekeeper,0,1,8.114
gatekeeper,0,1,8.106
gatekeeper,0,1,8.373
gatekeeper,0,1,8.318
gatekeeper,0,1,7.653
gatekeeper,0,1,11.146
gatekeeper,0,1,8.748
gatekeeper,0,1,8.004
gatekeeper,0,1,8.680
gatekeeper,0,1,8.418
gatekeeper,0,1,8.175
gatekeeper,0,1,7.594
gatekeeper,0,1,7.990
gatekeeper,0,1,8.008
gatekeeper,0,1,10.449
gatekeeper,0,1,10.223
gatekeeper,0,1,10.516
gatekeeper,0,1,8.598
gatekeeper,0,1,9.380
gatekeeper,0,1,8.566
gatekeeper,0,1,8.701
gatekeeper,0,1,8.990
gatekeeper,0,1,8.571
gatekeeper,0,1,8.535
gatekeeper,0,1,8.508
gatekeeper,0,1,8.671
gatekeeper,0,1,8.426
gatekeeper,0,1,10.474
gatekeeper,0,1,9.866
gatekeeper,0,1,8.800
gatekeeper,0,1,8.646
gatekeeper,0,1,8.575
gatekeeper,0,1,8.093
gatekeeper,0,1,8.606
gatekeeper,0,1,8.939
gatekeeper,0,1,9.543
gatekeeper,0,1,8.802
gatekeeper,0,1,8.855
gatekeeper,0,1,8.378
gatekeeper,0,1,9.384
gatekeeper,0,1,72.332
gatekeeper,0,1,9.276
gatekeeper,0,1,8.352
gatekeeper,0,1,8.695
gatekeeper,0,1,8.935
gatekeeper,0,1,8.006
gatekeeper,0,1,8.308
gatekeeper,0,1,8.557
gatekeeper,0,1,9.090
gatekeeper,0,1,7.948
gatekeeper,0,1,7.821
gatekeeper,0,1,7.514
gatekeeper,0,1,8.468
gatekeeper,0,1,7.971
gatekeeper,0,1,8.639
gatekeeper,0,1,8.242
gatekeeper,0,1,9.339
gatekeeper,0,1,8.634
gatekeeper,0,1,8.121
gatekeeper,0,1,8.708
gatekeeper,0,1,8.294
gatekeeper,0,1,8.166
gatekeeper,0,1,7.974
gatekeeper,0,1,8.114
gatekeeper,0,1,8.552
gatekeeper,0,1,9.165
gatekeeper,0,1,8.588
gatekeeper,0,1,9.370
gatekeeper,0,1,9.192
gatekeeper,0,1,8.048
gatekeeper,0,1,9.376
gatekeeper,0,1,9.121
gatekeeper,0,1,9.178
gatekeeper,5,1,11.901
gatekeeper,5,1,12.353
gatekeeper,5,1,11.605
gatekeeper,5,1,11.013
gatekeeper,5,1,10.428
gatekeeper,5,1,11.314
gatekeeper,5,1,11.842
gatekeeper,5,1,11.948
gatekeeper,5,1,11.205
gatekeeper,5,1,10.732
gatekeeper,5,1,10.514
gatekeeper,5,1,12.463
gatekeeper,5,1,14.072
gatekeeper,5,1,13.499
gatekeeper,5,1,16.442
gatekeeper,5,1,14.496
gatekeeper,5,1,12.680
gatekeeper,5,1,15.044
gatekeeper,5,1,15.052
gatekeeper,5,1,24.823
gatekeeper,5,1,17.966
gatekeeper,5,1,17.827
gatekeeper,5,1,19.920
gatekeeper,5,1,18.693
gatekeeper,5,1,15.849
gatekeeper,5,1,13.916
gatekeeper,5,1,12.401
gatekeeper,5,1,11.030
gatekeeper,5,1,10.958
gatekeeper,5,1,11.780
gatekeeper,5,1,11.544
gatekeeper,5,1,12.116
gatekeeper,5,1,11.403
gatekeeper,5,1,10.914
gatekeeper,5,1,11.783
gatekeeper,5,1,11.136
gatekeeper,5,1,11.896
gatekeeper,5,1,12.192
gatekeeper,5,1,11.916
gatekeeper,5,1,12.317
gatekeeper,5,1,10.953
gatekeeper,5,1,10.979
gatekeeper,5,1,12.430
gatekeeper,5,1,10.856
gatekeeper,5,1,11.453
gatekeeper,5,1,11.931
gatekeeper,5,1,11.052
gatekeeper,5,1,16.235
gatekeeper,5,1,11.809
gatekeeper,5,1,71.525
gatekeeper,5,1,15.110
gatekeeper,5,1,17.701
gatekeeper,5,1,11.198
gatekeeper,5,1,10.836
gatekeeper,5,1,10.589
gatekeeper,5,1,10.657
gatekeeper,5,1,10.861
gatekeeper,5,1,10.953
gatekeeper,5,1,10.451
gatekeeper,5,1,12.004
gatekeeper,5,1,11.387
gatekeeper,5,1,10.548
gatekeeper,5,1,10.984
gatekeeper,5,1,11.348
gatekeeper,5,1,10.819
gatekeeper,5,1,11.242
gatekeeper,5,1,10.460
gatekeeper,5,1,11.100
gatekeeper,5,1,10.705
gatekeeper,5,1,10.583
gatekeeper,5,1,10.948
gatekeeper,5,1,10.334
gatekeeper,5,1,10.826
gatekeeper,5,1,10.683
gatekeeper,5,1,10.316
gatekeeper,5,1,10.631
gatekeeper,5,1,11.581
gatekeeper,5,1,10.448
gatekeeper,5,1,14.948
gatekeeper,5,1,11.543
gatekeeper,5,1,10.936
gatekeeper,5,1,11.200
gatekeeper,5,1,11.346
gatekeeper,5,1,12.359
gatekeeper,5,1,13.440
gatekeeper,5,1,13.854
gatekeeper,5,1,11.596
gatekeeper,5,1,14.046
gatekeeper,5,1,11.234
gatekeeper,5,1,10.779
gatekeeper,5,1,11.414
gatekeeper,5,1,11.853
gatekeeper,5,1,12.552
gatekeeper,5,1,12.813
gatekeeper,5,1,11.448
gatekeeper,5,1,11.570
gatekeeper,5,1,10.812
gatekeeper,5,1,10.690
gatekeeper,5,1,11.872
gatekeeper,5,1,10.524
gatekeeper,10,1,13.594
gatekeeper,10,1,13.521
gatekeeper,10,1,13.853
gatekeeper,10,1,13.058
gatekeeper,10,1,13.226
gatekeeper,10,1,13.481
gatekeeper,10,1,18.270
gatekeeper,10,1,13.028
gatekeeper,10,1,13.265
gatekeeper,10,1,13.076
gatekeeper,10,1,13.571
gatekeeper,10,1,13.591
gatekeeper,10,1,13.371
gatekeeper,10,1,68.517
gatekeeper,10,1,14.113
gatekeeper,10,1,12.826
gatekeeper,10,1,14.094
gatekeeper,10,1,14.175
gatekeeper,10,1,13.650
gatekeeper,10,1,88.895
gatekeeper,10,1,13.770
gatekeeper,10,1,17.815
gatekeeper,10,1,13.093
gatekeeper,10,1,13.879
gatekeeper,10,1,13.902
gatekeeper,10,1,14.505
gatekeeper,10,1,12.470
gatekeeper,10,1,12.149
gatekeeper,10,1,13.774
gatekeeper,10,1,13.286
gatekeeper,10,1,13.084
gatekeeper,10,1,12.764
gatekeeper,10,1,13.533
gatekeeper,10,1,14.194
gatekeeper,10,1,12.866
gatekeeper,10,1,12.843
gatekeeper,10,1,13.041
gatekeeper,10,1,18.431
gatekeeper,10,1,13.082
gatekeeper,10,1,13.510
gatekeeper,10,1,13.230
gatekeeper,10,1,13.517
gatekeeper,10,1,13.625
gatekeeper,10,1,12.876
gatekeeper,10,1,13.669
gatekeeper,10,1,14.854
gatekeeper,10,1,14.487
gatekeeper,10,1,13.693
gatekeeper,10,1,14.948
gatekeeper,10,1,16.802
gatekeeper,10,1,15.394
gatekeeper,10,1,14.081
gatekeeper,10,1,19.858
gatekeeper,10,1,14.384
gatekeeper,10,1,15.150
gatekeeper,10,1,14.211
gatekeeper,10,1,13.568
gatekeeper,10,1,13.234
gatekeeper,10,1,83.673
gatekeeper,10,1,13.048
gatekeeper,10,1,14.413
gatekeeper,10,1,13.972
gatekeeper,10,1,13.138
gatekeeper,10,1,13.108
gatekeeper,10,1,13.198
gatekeeper,10,1,12.846
gatekeeper,10,1,14.809
gatekeeper,10,1,12.587
gatekeeper,10,1,17.898
gatekeeper,10,1,13.814
gatekeeper,10,1,13.535
gatekeeper,10,1,15.211
gatekeeper,10,1,13.438
gatekeeper,10,1,13.366
gatekeeper,10,1,13.013
gatekeeper,10,1,13.572
gatekeeper,10,1,12.700
gatekeeper,10,1,13.213
gatekeeper,10,1,13.270
gatekeeper,10,1,12.121
gatekeeper,10,1,13.980
gatekeeper,10,1,13.626
gatekeeper,10,1,14.018
gatekeeper,10,1,12.702
gatekeeper,10,1,18.485
gatekeeper,10,1,13.247
gatekeeper,10,1,13.150
gatekeeper,10,1,12.516
gatekeeper,10,1,12.669
gatekeeper,10,1,12.906
gatekeeper,10,1,13.378
gatekeeper,10,1,16.754
gatekeeper,10,1,19.845
gatekeeper,10,1,16.247
gatekeeper,10,1,15.507
gatekeeper,10,1,13.577
gatekeeper,10,1,12.566
gatekeeper,10,1,13.319
gatekeeper,10,1,13.584
gatekeeper,10,1,12.624
gatekeeper,15,1,14.588
gatekeeper,15,1,14.247
gatekeeper,15,1,14.468
gatekeeper,15,1,17.183
gatekeeper,15,1,17.855
gatekeeper,15,1,16.264
gatekeeper,15,1,14.951
gatekeeper,15,1,14.038
gatekeeper,15,1,24.728
gatekeeper,15,1,21.936
gatekeeper,15,1,15.256
gatekeeper,15,1,15.509
gatekeeper,15,1,15.010
gatekeeper,15,1,16.081
gatekeeper,15,1,15.738
gatekeeper,15,1,17.838
gatekeeper,15,1,14.483
gatekeeper,15,1,15.337
gatekeeper,15,1,14.374
gatekeeper,15,1,14.462
gatekeeper,15,1,19.673
gatekeeper,15,1,15.502
gatekeeper,15,1,15.542
gatekeeper,15,1,16.807
gatekeeper,15,1,16.457
gatekeeper,15,1,17.005
gatekeeper,15,1,17.630
gatekeeper,15,1,15.039
gatekeeper,15,1,15.089
gatekeeper,15,1,15.182
gatekeeper,15,1,17.612
gatekeeper,15,1,87.705
gatekeeper,15,1,19.049
gatekeeper,15,1,16.184
gatekeeper,15,1,14.290
gatekeeper,15,1,16.403
gatekeeper,15,1,15.774
gatekeeper,15,1,17.107
gatekeeper,15,1,16.541
gatekeeper,15,1,17.281
gatekeeper,15,1,15.193
gatekeeper,15,1,14.849
gatekeeper,15,1,18.356
gatekeeper,15,1,22.653
gatekeeper,15,1,18.959
gatekeeper,15,1,14.707
gatekeeper,15,1,15.289
gatekeeper,15,1,15.095
gatekeeper,15,1,17.176
gatekeeper,15,1,17.117
gatekeeper,15,1,14.787
gatekeeper,15,1,14.441
gatekeeper,15,1,15.960
gatekeeper,15,1,15.944
gatekeeper,15,1,14.367
gatekeeper,15,1,18.842
gatekeeper,15,1,20.415
gatekeeper,15,1,15.455
gatekeeper,15,1,15.536
gatekeeper,15,1,15.796
gatekeeper,15,1,16.394
gatekeeper,15,1,122.830
gatekeeper,15,1,15.286
gatekeeper,15,1,15.645
gatekeeper,15,1,21.274
gatekeeper,15,1,15.311
gatekeeper,15,1,15.486
gatekeeper,15,1,16.479
gatekeeper,15,1,15.452
gatekeeper,15,1,16.122
gatekeeper,15,1,15.250
gatekeeper,15,1,14.820
gatekeeper,15,1,15.309
gatekeeper,15,1,16.872
gatekeeper,15,1,15.947
gatekeeper,15,1,15.200
gatekeeper,15,1,25.386
gatekeeper,15,1,16.402
gatekeeper,15,1,16.825
gatekeeper,15,1,16.181
gatekeeper,15,1,15.459
gatekeeper,15,1,16.832
gatekeeper,15,1,15.970
gatekeeper,15,1,18.178
gatekeeper,15,1,16.178
gatekeeper,15,1,16.369
gatekeeper,15,1,20.416
gatekeeper,15,1,15.694
gatekeeper,15,1,20.660
gatekeeper,15,1,16.164
gatekeeper,15,1,17.382
gatekeeper,15,1,15.959
gatekeeper,15,1,15.395
gatekeeper,15,1,15.188
gatekeeper,15,1,14.771
gatekeeper,15,1,16.716
gatekeeper,15,1,18.816
gatekeeper,15,1,19.160
gatekeeper,15,1,18.729
gatekeeper,15,1,78.361
gatekeeper,15,2,15.313
gatekeeper,15,2,15.629
gatekeeper,15,2,15.698
gatekeeper,15,2,15.064
gatekeeper,15,2,14.815
gatekeeper,15,2,20.185
gatekeeper,15,2,15.621
gatekeeper,15,2,15.197
gatekeeper,15,2,15.647
gatekeeper,15,2,15.925
gatekeeper,15,2,17.442
gatekeeper,15,2,16.441
gatekeeper,15,2,15.111
gatekeeper,15,2,15.329
gatekeeper,15,2,15.216
gatekeeper,15,2,16.129
gatekeeper,15,2,16.144
gatekeeper,15,2,18.656
gatekeeper,15,2,15.101
gatekeeper,15,2,14.898
gatekeeper,15,2,17.586
gatekeeper,15,2,15.115
gatekeeper,15,2,14.741
gatekeeper,15,2,17.318
gatekeeper,15,2,17.063
gatekeeper,15,2,14.687
gatekeeper,15,2,15.232
gatekeeper,15,2,14.440
gatekeeper,15,2,14.725
gatekeeper,15,2,18.304
gatekeeper,15,2,15.592
gatekeeper,15,2,15.731
gatekeeper,15,2,14.458
gatekeeper,15,2,16.434
gatekeeper,15,2,15.221
gatekeeper,15,2,14.879
gatekeeper,15,2,14.963
gatekeeper,15,2,15.024
gatekeeper,15,2,14.176
gatekeeper,15,2,14.935
gatekeeper,15,2,16.743
gatekeeper,15,2,17.112
gatekeeper,15,2,18.915
gatekeeper,15,2,15.813
gatekeeper,15,2,15.291
gatekeeper,15,2,15.852
gatekeeper,15,2,17.232
gatekeeper,15,2,16.352
gatekeeper,15,2,15.703
gatekeeper,15,2,15.668
gatekeeper,15,2,18.139
gatekeeper,15,2,16.616
gatekeeper,15,2,15.340
gatekeeper,15,2,14.702
gatekeeper,15,2,19.400
gatekeeper,15,2,16.482
gatekeeper,15,2,81.978
gatekeeper,15,2,16.392
gatekeeper,15,2,18.633
gatekeeper,15,2,15.551
gatekeeper,15,2,14.956
gatekeeper,15,2,14.833
gatekeeper,15,2,19.178
gatekeeper,15,2,15.983
gatekeeper,15,2,14.175
gatekeeper,15,2,14.355
gatekeeper,15,2,17.903
gatekeeper,15,2,18.090
gatekeeper,15,2,15.108
gatekeeper,15,2,14.508
gatekeeper,15,2,14.642
gatekeeper,15,2,15.388
gatekeeper,15,2,14.089
gatekeeper,15,2,18.246
gatekeeper,15,2,15.427
gatekeeper,15,2,15.431
gatekeeper,15,2,14.840
gatekeeper,15,2,14.647
gatekeeper,15,2,19.791
gatekeeper,15,2,15.312
gatekeeper,15,2,14.370
gatekeeper,15,2,14.398
gatekeeper,15,2,14.625
gatekeeper,15,2,16.779
gatekeeper,15,2,14.543
gatekeeper,15,2,14.744
gatekeeper,15,2,14.809
gatekeeper,15,2,14.560
gatekeeper,15,2,17.333
gatekeeper,15,2,14.455
gatekeeper,15,2,17.679
gatekeeper,15,2,15.269
gatekeeper,15,2,15.982
gatekeeper,15,2,14.879
gatekeeper,15,2,17.166
gatekeeper,15,2,14.906
gatekeeper,15,2,15.138
gatekeeper,15,2,13.957
gatekeeper,15,2,14.572
gatekeeper,15,2,16.979
gatekeeper,15,3,15.222
gatekeeper,15,3,14.673
gatekeeper,15,3,18.726
gatekeeper,15,3,16.262
gatekeeper,15,3,15.726
gatekeeper,15,3,15.369
gatekeeper,15,3,20.262
gatekeeper,15,3,15.016
gatekeeper,15,3,18.355
gatekeeper,15,3,15.839
gatekeeper,15,3,14.758
gatekeeper,15,3,17.801
gatekeeper,15,3,15.532
gatekeeper,15,3,15.048
gatekeeper,15,3,16.805
gatekeeper,15,3,18.279
gatekeeper,15,3,16.156
gatekeeper,15,3,16.474
gatekeeper,15,3,21.154
gatekeeper,15,3,15.899
gatekeeper,15,3,17.001
gatekeeper,15,3,18.455
gatekeeper,15,3,15.776
gatekeeper,15,3,15.835
gatekeeper,15,3,15.032
gatekeeper,15,3,15.311
gatekeeper,15,3,16.598
gatekeeper,15,3,15.080
gatekeeper,15,3,18.948
gatekeeper,15,3,19.675
gatekeeper,15,3,15.370
gatekeeper,15,3,15.041
gatekeeper,15,3,15.376
gatekeeper,15,3,18.021
gatekeeper,15,3,15.913
gatekeeper,15,3,19.372
gatekeeper,15,3,15.558
gatekeeper,15,3,15.662
gatekeeper,15,3,15.624
gatekeeper,15,3,16.430
gatekeeper,15,3,15.396
gatekeeper,15,3,29.874
gatekeeper,15,3,47.505
gatekeeper,15,3,17.054
gatekeeper,15,3,15.682
gatekeeper,15,3,15.112
gatekeeper,15,3,14.911
gatekeeper,15,3,15.026
gatekeeper,15,3,16.565
gatekeeper,15,3,74.311
gatekeeper,15,3,15.537
gatekeeper,15,3,15.187
gatekeeper,15,3,15.861
gatekeeper,15,3,15.295
gatekeeper,15,3,22.003
gatekeeper,15,3,14.446
gatekeeper,15,3,15.357
gatekeeper,15,3,14.525
gatekeeper,15,3,15.364
gatekeeper,15,3,44.780
gatekeeper,15,3,19.264
gatekeeper,15,3,16.216
gatekeeper,15,3,15.260
gatekeeper,15,3,14.387
gatekeeper,15,3,15.761
gatekeeper,15,3,14.792
gatekeeper,15,3,14.965
gatekeeper,15,3,14.196
gatekeeper,15,3,13.934
gatekeeper,15,3,17.550
gatekeeper,15,3,14.531
gatekeeper,15,3,14.492
gatekeeper,15,3,17.526
gatekeeper,15,3,20.600
gatekeeper,15,3,18.880
gatekeeper,15,3,15.858
gatekeeper,15,3,15.097
gatekeeper,15,3,16.842
gatekeeper,15,3,18.697
gatekeeper,15,3,16.629
gatekeeper,15,3,15.659
gatekeeper,15,3,14.920
gatekeeper,15,3,18.663
gatekeeper,15,3,15.699
gatekeeper,15,3,15.156
gatekeeper,15,3,19.424
gatekeeper,15,3,16.283
gatekeeper,15,3,16.529
gatekeeper,15,3,14.910
gatekeeper,15,3,16.381
gatekeeper,15,3,15.792
gatekeeper,15,3,86.961
gatekeeper,15,3,17.952
gatekeeper,15,3,19.028
gatekeeper,15,3,19.989
gatekeeper,15,3,17.662
gatekeeper,15,3,20.118
gatekeeper,15,3,22.637
gatekeeper,15,3,21.328
gatekeeper,15,3,18.514
gatekeeper,15,4,17.055
gatekeeper,15,4,15.884
gatekeeper,15,4,16.242
gatekeeper,15,4,15.596
gatekeeper,15,4,16.090
gatekeeper,15,4,15.368
gatekeeper,15,4,16.006
gatekeeper,15,4,20.656
gatekeeper,15,4,20.264
gatekeeper,15,4,15.950
gatekeeper,15,4,15.537
gatekeeper,15,4,15.633
gatekeeper,15,4,15.723
gatekeeper,15,4,16.100
gatekeeper,15,4,14.999
gatekeeper,15,4,14.875
gatekeeper,15,4,15.040
gatekeeper,15,4,14.941
gatekeeper,15,4,14.574
gatekeeper,15,4,14.883
gatekeeper,15,4,18.070
gatekeeper,15,4,15.002
gatekeeper,15,4,14.730
gatekeeper,15,4,15.933
gatekeeper,15,4,15.960
gatekeeper,15,4,14.434
gatekeeper,15,4,14.132
gatekeeper,15,4,15.493
gatekeeper,15,4,15.162
gatekeeper,15,4,14.890
gatekeeper,15,4,15.706
gatekeeper,15,4,14.841
gatekeeper,15,4,21.082
gatekeeper,15,4,16.477
gatekeeper,15,4,14.930
gatekeeper,15,4,16.114
gatekeeper,15,4,15.423
gatekeeper,15,4,15.431
gatekeeper,15,4,14.867
gatekeeper,15,4,15.921
gatekeeper,15,4,16.293
gatekeeper,15,4,15.599
gatekeeper,15,4,15.325
gatekeeper,15,4,17.545
gatekeeper,15,4,20.186
gatekeeper,15,4,21.622
gatekeeper,15,4,15.259
gatekeeper,15,4,15.102
gatekeeper,15,4,14.847
gatekeeper,15,4,15.008
gatekeeper,15,4,14.569
gatekeeper,15,4,15.040
gatekeeper,15,4,15.572
gatekeeper,15,4,14.764
gatekeeper,15,4,15.241
gatekeeper,15,4,13.767
gatekeeper,15,4,82.277
gatekeeper,15,4,14.511
gatekeeper,15,4,14.412
gatekeeper,15,4,93.047
gatekeeper,15,4,14.651
gatekeeper,15,4,15.227
gatekeeper,15,4,14.069
gatekeeper,15,4,14.747
gatekeeper,15,4,18.594
gatekeeper,15,4,16.457
gatekeeper,15,4,87.558
gatekeeper,15,4,15.389
gatekeeper,15,4,14.258
gatekeeper,15,4,15.050
gatekeeper,15,4,15.094
gatekeeper,15,4,14.536
gatekeeper,15,4,14.219
gatekeeper,15,4,13.741
gatekeeper,15,4,13.574
gatekeeper,15,4,19.639
gatekeeper,15,4,14.904
gatekeeper,15,4,14.411
gatekeeper,15,4,13.549
gatekeeper,15,4,14.449
gatekeeper,15,4,15.586
gatekeeper,15,4,15.487
gatekeeper,15,4,14.326
gatekeeper,15,4,15.157
gatekeeper,15,4,14.540
gatekeeper,15,4,14.751
gatekeeper,15,4,14.454
gatekeeper,15,4,17.784
gatekeeper,15,4,14.997
gatekeeper,15,4,16.401
gatekeeper,15,4,15.998
gatekeeper,15,4,14.587
gatekeeper,15,4,16.056
gatekeeper,15,4,15.966
gatekeeper,15,4,14.272
gatekeeper,15,4,15.482
gatekeeper,15,4,14.484
gatekeeper,15,4,14.977
gatekeeper,15,4,14.158
gatekeeper,15,4,17.658
gatekeeper,15,5,15.879
gatekeeper,15,5,17.029
gatekeeper,15,5,15.561
gatekeeper,15,5,17.752
gatekeeper,15,5,16.270
gatekeeper,15,5,14.474
gatekeeper,15,5,15.641
gatekeeper,15,5,14.001
gatekeeper,15,5,14.181
gatekeeper,15,5,14.626
gatekeeper,15,5,15.166
gatekeeper,15,5,15.930
gatekeeper,15,5,16.027
gatekeeper,15,5,16.082
gatekeeper,15,5,15.495
gatekeeper,15,5,19.972
gatekeeper,15,5,14.881
gatekeeper,15,5,14.776
gatekeeper,15,5,15.045
gatekeeper,15,5,15.293
gatekeeper,15,5,14.978
gatekeeper,15,5,15.538
gatekeeper,15,5,15.690
gatekeeper,15,5,14.756
gatekeeper,15,5,15.116
gatekeeper,15,5,16.345
gatekeeper,15,5,15.743
gatekeeper,15,5,18.578
gatekeeper,15,5,15.887
gatekeeper,15,5,14.681
gatekeeper,15,5,14.823
gatekeeper,15,5,14.518
gatekeeper,15,5,14.809
gatekeeper,15,5,13.971
gatekeeper,15,5,14.270
gatekeeper,15,5,14.413
gatekeeper,15,5,13.720
gatekeeper,15,5,14.141
gatekeeper,15,5,85.122
gatekeeper,15,5,20.055
gatekeeper,15,5,14.958
gatekeeper,15,5,14.462
gatekeeper,15,5,14.308
gatekeeper,15,5,14.462
gatekeeper,15,5,14.513
gatekeeper,15,5,14.312
gatekeeper,15,5,15.347
gatekeeper,15,5,14.399
gatekeeper,15,5,14.570
gatekeeper,15,5,14.713
gatekeeper,15,5,20.439
gatekeeper,15,5,17.433
gatekeeper,15,5,16.585
gatekeeper,15,5,18.623
gatekeeper,15,5,15.954
gatekeeper,15,5,15.390
gatekeeper,15,5,15.350
gatekeeper,15,5,17.418
gatekeeper,15,5,15.771
gatekeeper,15,5,17.738
gatekeeper,15,5,23.756
gatekeeper,15,5,21.000
gatekeeper,15,5,22.439
gatekeeper,15,5,18.288
gatekeeper,15,5,19.680
gatekeeper,15,5,18.963
gatekeeper,15,5,22.969
gatekeeper,15,5,18.547
gatekeeper,15,5,83.435
gatekeeper,15,5,15.360
gatekeeper,15,5,15.780
gatekeeper,15,5,16.053
gatekeeper,15,5,15.643
gatekeeper,15,5,15.850
gatekeeper,15,5,15.264
gatekeeper,15,5,14.993
gatekeeper,15,5,18.199
gatekeeper,15,5,16.657
gatekeeper,15,5,87.435
gatekeeper,15,5,16.962
gatekeeper,15,5,15.553
gatekeeper,15,5,16.025
gatekeeper,15,5,15.613
gatekeeper,15,5,15.333
gatekeeper,15,5,15.852
gatekeeper,15,5,15.543
gatekeeper,15,5,14.684
gatekeeper,15,5,14.912
gatekeeper,15,5,15.980
gatekeeper,15,5,24.986
gatekeeper,15,5,15.356
gatekeeper,15,5,15.284
gatekeeper,15,5,14.594
gatekeeper,15,5,15.209
gatekeeper,15,5,15.418
gatekeeper,15,5,15.669
gatekeeper,15,5,15.937
gatekeeper,15,5,15.118
gatekeeper,15,5,14.929
gatekeeper,15,5,14.636
vap,0,1,5.255
vap,0,1,5.584
vap,0,1,5.543
vap,0,1,5.459
vap,0,1,5.059
vap,0,1,6.264
vap,0,1,5.013
vap,0,1,5.557
vap,0,1,5.315
vap,0,1,5.997
vap,0,1,7.505
vap,0,1,5.409
vap,0,1,6.030
vap,0,1,5.940
vap,0,1,5.765
vap,0,1,6.732
vap,0,1,6.951
vap,0,1,6.157
vap,0,1,5.533
vap,0,1,4.839
vap,0,1,6.696
vap,0,1,5.329
vap,0,1,5.307
vap,0,1,5.310
vap,0,1,4.955
vap,0,1,5.908
vap,0,1,5.452
vap,0,1,5.108
vap,0,1,6.323
vap,0,1,6.683
vap,0,1,5.548
vap,0,1,5.253
vap,0,1,5.231
vap,0,1,4.744
vap,0,1,5.169
vap,0,1,4.672
vap,0,1,4.995
vap,0,1,4.976
vap,0,1,76.060
vap,0,1,6.117
vap,0,1,4.990
vap,0,1,6.900
vap,0,1,6.511
vap,0,1,6.175
vap,0,1,5.789
vap,0,1,5.067
vap,0,1,5.731
vap,0,1,5.504
vap,0,1,5.018
vap,0,1,7.243
vap,0,1,7.167
vap,0,1,5.593
vap,0,1,5.731
vap,0,1,4.719
vap,0,1,6.548
vap,0,1,6.583
vap,0,1,5.510
vap,0,1,8.731
vap,0,1,67.588
vap,0,1,7.190
vap,0,1,5.760
vap,0,1,6.752
vap,0,1,6.693
vap,0,1,7.813
vap,0,1,7.415
vap,0,1,7.577
vap,0,1,7.322
vap,0,1,6.601
vap,0,1,6.996
vap,0,1,6.515
vap,0,1,43.299
vap,0,1,9.549
vap,0,1,9.641
vap,0,1,6.508
vap,0,1,7.864
vap,0,1,8.032
vap,0,1,7.320
vap,0,1,88.497
vap,0,1,8.358
vap,0,1,8.633
vap,0,1,7.917
vap,0,1,7.529
vap,0,1,8.297
vap,0,1,8.041
vap,0,1,7.335
vap,0,1,9.970
vap,0,1,7.701
vap,0,1,8.022
vap,0,1,8.674
vap,0,1,8.248
vap,0,1,8.512
vap,0,1,6.935
vap,0,1,8.041
vap,0,1,7.734
vap,0,1,6.469
vap,0,1,6.045
vap,0,1,8.190
vap,0,1,8.788
vap,0,1,9.462
vap,0,1,7.456
vap,5,1,8.085
vap,5,1,7.679
vap,5,1,8.726
vap,5,1,8.176
vap,5,1,7.605
vap,5,1,7.409
vap,5,1,7.233
vap,5,1,80.735
vap,5,1,8.481
vap,5,1,7.712
vap,5,1,7.943
vap,5,1,6.736
vap,5,1,7.322
vap,5,1,6.810
vap,5,1,6.964
vap,5,1,7.315
vap,5,1,6.992
vap,5,1,7.450
vap,5,1,7.331
vap,5,1,7.492
vap,5,1,6.960
vap,5,1,6.907
vap,5,1,6.858
vap,5,1,7.457
vap,5,1,7.407
vap,5,1,66.701
vap,5,1,8.261
vap,5,1,7.781
vap,5,1,8.203
vap,5,1,6.993
vap,5,1,8.505
vap,5,1,8.063
vap,5,1,7.990
vap,5,1,8.328
vap,5,1,8.498
vap,5,1,7.897
vap,5,1,79.574
vap,5,1,10.163
vap,5,1,8.655
vap,5,1,7.794
vap,5,1,8.253
vap,5,1,7.846
vap,5,1,7.872
vap,5,1,7.342
vap,5,1,7.482
vap,5,1,7.192
vap,5,1,7.457
vap,5,1,7.041
vap,5,1,7.422
vap,5,1,7.548
vap,5,1,8.382
vap,5,1,8.389
vap,5,1,9.199
vap,5,1,10.675
vap,5,1,8.218
vap,5,1,8.786
vap,5,1,7.389
vap,5,1,8.759
vap,5,1,8.303
vap,5,1,9.258
vap,5,1,8.497
vap,5,1,8.356
vap,5,1,8.636
vap,5,1,8.200
vap,5,1,7.960
vap,5,1,8.226
vap,5,1,7.353
vap,5,1,7.086
vap,5,1,7.750
vap,5,1,7.907
vap,5,1,7.210
vap,5,1,7.046
vap,5,1,7.858
vap,5,1,8.021
vap,5,1,6.712
vap,5,1,6.893
vap,5,1,7.240
vap,5,1,7.365
vap,5,1,6.820
vap,5,1,7.278
vap,5,1,7.262
vap,5,1,8.144
vap,5,1,6.916
vap,5,1,7.465
vap,5,1,7.590
vap,5,1,8.449
vap,5,1,7.003
vap,5,1,6.902
vap,5,1,7.195
vap,5,1,7.705
vap,5,1,6.938
vap,5,1,6.947
vap,5,1,7.531
vap,5,1,6.911
vap,5,1,7.305
vap,5,1,6.849
vap,5,1,7.181
vap,5,1,7.360
vap,5,1,7.687
vap,5,1,7.223
vap,10,1,11.167
vap,10,1,11.133
vap,10,1,10.979
vap,10,1,10.861
vap,10,1,11.891
vap,10,1,76.933
vap,10,1,10.696
vap,10,1,9.068
vap,10,1,9.655
vap,10,1,9.640
vap,10,1,9.066
vap,10,1,9.280
vap,10,1,8.677
vap,10,1,9.231
vap,10,1,8.905
vap,10,1,8.782
vap,10,1,9.216
vap,10,1,81.332
vap,10,1,10.203
vap,10,1,8.923
vap,10,1,9.526
vap,10,1,10.000
vap,10,1,9.132
vap,10,1,10.015
vap,10,1,10.209
vap,10,1,10.363
vap,10,1,10.438
vap,10,1,9.565
vap,10,1,9.419
vap,10,1,8.873
vap,10,1,11.585
vap,10,1,9.878
vap,10,1,9.040
vap,10,1,9.388
vap,10,1,8.965
vap,10,1,8.837
vap,10,1,10.019
vap,10,1,9.016
vap,10,1,12.767
vap,10,1,12.175
vap,10,1,11.947
vap,10,1,11.206
vap,10,1,10.506
vap,10,1,12.256
vap,10,1,12.566
vap,10,1,10.089
vap,10,1,10.450
vap,10,1,10.557
vap,10,1,8.647
vap,10,1,9.170
vap,10,1,8.261
vap,10,1,8.895
vap,10,1,8.823
vap,10,1,8.601
vap,10,1,8.761
vap,10,1,10.412
vap,10,1,10.325
vap,10,1,10.608
vap,10,1,10.397
vap,10,1,11.914
vap,10,1,9.704
vap,10,1,8.786
vap,10,1,10.038
vap,10,1,9.567
vap,10,1,9.568
vap,10,1,9.159
vap,10,1,9.027
vap,10,1,9.688
vap,10,1,8.833
vap,10,1,8.483
vap,10,1,9.215
vap,10,1,68.201
vap,10,1,9.120
vap,10,1,8.598
vap,10,1,8.966
vap,10,1,9.036
vap,10,1,9.483
vap,10,1,9.519
vap,10,1,9.939
vap,10,1,8.607
vap,10,1,9.062
vap,10,1,8.749
vap,10,1,8.691
vap,10,1,8.917
vap,10,1,10.063
vap,10,1,8.895
vap,10,1,8.698
vap,10,1,9.037
vap,10,1,8.728
vap,10,1,9.386
vap,10,1,8.364
vap,10,1,9.509
vap,10,1,9.742
vap,10,1,11.475
vap,10,1,12.403
vap,10,1,11.871
vap,10,1,9.588
vap,10,1,8.833
vap,10,1,9.505
vap,10,1,8.563
vap,15,1,10.342
vap,15,1,10.691
vap,15,1,11.271
vap,15,1,11.587
vap,15,1,10.555
vap,15,1,10.468
vap,15,1,11.117
vap,15,1,10.305
vap,15,1,10.564
vap,15,1,11.258
vap,15,1,69.253
vap,15,1,16.078
vap,15,1,12.433
vap,15,1,13.217
vap,15,1,13.247
vap,15,1,11.554
vap,15,1,13.130
vap,15,1,12.373
vap,15,1,10.259
vap,15,1,11.329
vap,15,1,10.260
vap,15,1,12.102
vap,15,1,38.394
vap,15,1,11.590
vap,15,1,12.051
vap,15,1,10.936
vap,15,1,10.590
vap,15,1,10.064
vap,15,1,10.935
vap,15,1,10.843
vap,15,1,76.731
vap,15,1,11.665
vap,15,1,11.161
vap,15,1,10.607
vap,15,1,10.468
vap,15,1,10.333
vap,15,1,10.575
vap,15,1,10.291
vap,15,1,11.342
vap,15,1,11.024
vap,15,1,10.235
vap,15,1,10.659
vap,15,1,10.362
vap,15,1,10.572
vap,15,1,9.946
vap,15,1,10.325
vap,15,1,10.163
vap,15,1,11.896
vap,15,1,11.007
vap,15,1,82.402
vap,15,1,15.063
vap,15,1,14.322
vap,15,1,11.657
vap,15,1,11.372
vap,15,1,11.466
vap,15,1,10.774
vap,15,1,71.132
vap,15,1,25.765
vap,15,1,15.319
vap,15,1,11.904
vap,15,1,11.279
vap,15,1,12.496
vap,15,1,11.624
vap,15,1,12.542
vap,15,1,11.857
vap,15,1,11.354
vap,15,1,10.552
vap,15,1,11.013
vap,15,1,10.313
vap,15,1,11.574
vap,15,1,11.702
vap,15,1,11.642
vap,15,1,11.190
vap,15,1,11.780
vap,15,1,12.173
vap,15,1,11.355
vap,15,1,11.628
vap,15,1,12.301
vap,15,1,11.439
vap,15,1,11.745
vap,15,1,10.589
vap,15,1,11.201
vap,15,1,12.420
vap,15,1,10.906
vap,15,1,11.353
vap,15,1,11.506
vap,15,1,10.920
vap,15,1,12.205
vap,15,1,15.016
vap,15,1,11.231
vap,15,1,11.362
vap,15,1,11.417
vap,15,1,11.449
vap,15,1,11.259
vap,15,1,10.566
vap,15,1,10.522
vap,15,1,10.467
vap,15,1,10.209
vap,15,1,11.043
vap,15,1,10.403
vap,15,2,11.193
vap,15,2,10.908
vap,15,2,12.230
vap,15,2,12.318
vap,15,2,10.434
vap,15,2,10.104
vap,15,2,13.812
vap,15,2,11.068
vap,15,2,10.185
vap,15,2,11.012
vap,15,2,10.197
vap,15,2,12.203
vap,15,2,10.920
vap,15,2,10.033
vap,15,2,10.365
vap,15,2,10.294
vap,15,2,13.490
vap,15,2,36.710
vap,15,2,11.280
vap,15,2,10.441
vap,15,2,11.302
vap,15,2,11.706
vap,15,2,10.620
vap,15,2,10.925
vap,15,2,10.674
vap,15,2,10.822
vap,15,2,11.487
vap,15,2,10.446
vap,15,2,11.187
vap,15,2,11.321
vap,15,2,10.561
vap,15,2,11.008
vap,15,2,10.686
vap,15,2,10.105
vap,15,2,12.547
vap,15,2,11.498
vap,15,2,11.201
vap,15,2,11.285
vap,15,2,10.525
vap,15,2,9.787
vap,15,2,10.578
vap,15,2,10.486
vap,15,2,11.170
vap,15,2,10.471
vap,15,2,11.002
vap,15,2,10.161
vap,15,2,11.373
vap,15,2,11.225
vap,15,2,10.570
vap,15,2,10.153
vap,15,2,11.194
vap,15,2,11.214
vap,15,2,10.436
vap,15,2,10.512
vap,15,2,11.791
vap,15,2,18.314
vap,15,2,13.018
vap,15,2,11.561
vap,15,2,12.632
vap,15,2,12.583
vap,15,2,12.214
vap,15,2,11.782
vap,15,2,11.832
vap,15,2,12.770
vap,15,2,12.018
vap,15,2,11.391
vap,15,2,13.071
vap,15,2,12.349
vap,15,2,11.552
vap,15,2,11.966
vap,15,2,10.386
vap,15,2,10.287
vap,15,2,12.644
vap,15,2,10.911
vap,15,2,10.861
vap,15,2,10.681
vap,15,2,10.520
vap,15,2,10.142
vap,15,2,10.123
vap,15,2,10.151
vap,15,2,9.552
vap,15,2,11.750
vap,15,2,10.581
vap,15,2,9.692
vap,15,2,10.483
vap,15,2,10.068
vap,15,2,9.978
vap,15,2,10.576
vap,15,2,10.733
vap,15,2,10.933
vap,15,2,72.082
vap,15,2,12.435
vap,15,2,10.662
vap,15,2,10.219
vap,15,2,10.261
vap,15,2,10.454
vap,15,2,10.151
vap,15,2,100.231
vap,15,2,10.667
vap,15,2,11.115
vap,15,3,10.824
vap,15,3,10.639
vap,15,3,11.111
vap,15,3,10.884
vap,15,3,11.021
vap,15,3,10.412
vap,15,3,11.039
vap,15,3,10.806
vap,15,3,10.553
vap,15,3,11.085
vap,15,3,11.649
vap,15,3,13.697
vap,15,3,12.019
vap,15,3,11.768
vap,15,3,10.545
vap,15,3,10.088
vap,15,3,11.849
vap,15,3,10.727
vap,15,3,13.462
vap,15,3,11.968
vap,15,3,11.529
vap,15,3,11.123
vap,15,3,70.662
vap,15,3,12.188
vap,15,3,12.302
vap,15,3,11.155
vap,15,3,11.104
vap,15,3,13.047
vap,15,3,85.878
vap,15,3,14.135
vap,15,3,13.435
vap,15,3,11.943
vap,15,3,11.337
vap,15,3,12.708
vap,15,3,11.748
vap,15,3,13.034
vap,15,3,11.901
vap,15,3,12.260
vap,15,3,12.395
vap,15,3,11.342
vap,15,3,10.552
vap,15,3,11.220
vap,15,3,13.125
vap,15,3,12.008
vap,15,3,13.134
vap,15,3,12.509
vap,15,3,11.577
vap,15,3,12.233
vap,15,3,11.491
vap,15,3,11.431
vap,15,3,12.193
vap,15,3,13.480
vap,15,3,15.125
vap,15,3,12.009
vap,15,3,10.810
vap,15,3,10.027
vap,15,3,42.385
vap,15,3,11.984
vap,15,3,10.371
vap,15,3,9.928
vap,15,3,10.540
vap,15,3,10.023
vap,15,3,10.553
vap,15,3,11.799
vap,15,3,9.640
vap,15,3,10.383
vap,15,3,10.717
vap,15,3,10.984
vap,15,3,10.100
vap,15,3,10.213
vap,15,3,10.033
vap,15,3,10.926
vap,15,3,11.268
vap,15,3,10.241
vap,15,3,10.345
vap,15,3,11.493
vap,15,3,10.486
vap,15,3,10.540
vap,15,3,9.947
vap,15,3,10.235
vap,15,3,11.015
vap,15,3,10.584
vap,15,3,10.740
vap,15,3,10.233
vap,15,3,11.374
vap,15,3,12.137
vap,15,3,11.520
vap,15,3,10.516
vap,15,3,10.426
vap,15,3,10.680
vap,15,3,10.987
vap,15,3,10.717
vap,15,3,10.231
vap,15,3,10.307
vap,15,3,12.150
vap,15,3,10.222
vap,15,3,11.183
vap,15,3,13.799
vap,15,3,11.535
vap,15,3,11.964
vap,15,4,11.979
vap,15,4,12.730
vap,15,4,16.037
vap,15,4,12.522
vap,15,4,10.203
vap,15,4,11.017
vap,15,4,13.495
vap,15,4,10.443
vap,15,4,10.923
vap,15,4,11.614
vap,15,4,10.469
vap,15,4,10.278
vap,15,4,11.375
vap,15,4,10.787
vap,15,4,10.267
vap,15,4,37.103
vap,15,4,16.144
vap,15,4,11.689
vap,15,4,10.387
vap,15,4,10.135
vap,15,4,10.376
vap,15,4,9.898
vap,15,4,11.016
vap,15,4,11.353
vap,15,4,11.406
vap,15,4,10.943
vap,15,4,10.381
vap,15,4,10.837
vap,15,4,10.374
vap,15,4,11.149
vap,15,4,10.512
vap,15,4,10.283
vap,15,4,10.593
vap,15,4,10.483
vap,15,4,10.851
vap,15,4,13.097
vap,15,4,11.507
vap,15,4,11.497
vap,15,4,10.996
vap,15,4,11.058
vap,15,4,11.184
vap,15,4,10.465
vap,15,4,10.223
vap,15,4,11.051
vap,15,4,10.756
vap,15,4,11.156
vap,15,4,11.518
vap,15,4,11.935
vap,15,4,11.653
vap,15,4,11.743
vap,15,4,11.058
vap,15,4,10.998
vap,15,4,10.324
vap,15,4,10.081
vap,15,4,10.483
vap,15,4,10.985
vap,15,4,10.486
vap,15,4,10.377
vap,15,4,10.376
vap,15,4,10.020
vap,15,4,11.339
vap,15,4,11.254
vap,15,4,10.957
vap,15,4,10.487
vap,15,4,11.116
vap,15,4,12.301
vap,15,4,10.289
vap,15,4,11.568
vap,15,4,10.622
vap,15,4,11.068
vap,15,4,11.167
vap,15,4,84.147
vap,15,4,13.184
vap,15,4,12.691
vap,15,4,11.006
vap,15,4,10.968
vap,15,4,87.637
vap,15,4,11.782
vap,15,4,16.132
vap,15,4,11.651
vap,15,4,11.756
vap,15,4,12.656
vap,15,4,9.913
vap,15,4,10.395
vap,15,4,10.365
vap,15,4,10.800
vap,15,4,10.822
vap,15,4,10.387
vap,15,4,10.078
vap,15,4,11.601
vap,15,4,9.830
vap,15,4,10.380
vap,15,4,11.952
vap,15,4,10.359
vap,15,4,32.416
vap,15,4,11.884
vap,15,4,10.193
vap,15,4,11.123
vap,15,4,10.543
vap,15,4,10.233
vap,15,5,10.804
vap,15,5,11.792
vap,15,5,10.796
vap,15,5,10.318
vap,15,5,10.034
vap,15,5,11.174
vap,15,5,10.882
vap,15,5,10.008
vap,15,5,10.632
vap,15,5,14.340
vap,15,5,14.424
vap,15,5,12.211
vap,15,5,11.009
vap,15,5,11.432
vap,15,5,15.152
vap,15,5,14.289
vap,15,5,14.472
vap,15,5,12.677
vap,15,5,11.962
vap,15,5,11.311
vap,15,5,12.994
vap,15,5,12.327
vap,15,5,12.569
vap,15,5,12.726
vap,15,5,13.976
vap,15,5,14.300
vap,15,5,15.861
vap,15,5,12.309
vap,15,5,12.318
vap,15,5,12.961
vap,15,5,12.113
vap,15,5,14.168
vap,15,5,14.624
vap,15,5,12.844
vap,15,5,14.037
vap,15,5,16.168
vap,15,5,15.518
vap,15,5,15.533
vap,15,5,12.601
vap,15,5,14.658
vap,15,5,13.094
vap,15,5,14.912
vap,15,5,12.065
vap,15,5,11.702
vap,15,5,13.619
vap,15,5,12.567
vap,15,5,11.769
vap,15,5,11.325
vap,15,5,10.563
vap,15,5,11.413
vap,15,5,10.985
vap,15,5,11.527
vap,15,5,11.492
vap,15,5,25.553
vap,15,5,16.307
vap,15,5,11.800
vap,15,5,12.372
vap,15,5,12.252
vap,15,5,12.351
vap,15,5,11.074
vap,15,5,11.450
vap,15,5,11.650
vap,15,5,12.294
vap,15,5,11.296
vap,15,5,11.867
vap,15,5,12.111
vap,15,5,12.016
vap,15,5,12.081
vap,15,5,12.032
vap,15,5,12.741
vap,15,5,11.094
vap,15,5,11.908
vap,15,5,11.415
vap,15,5,11.584
vap,15,5,11.460
vap,15,5,11.437
vap,15,5,12.144
vap,15,5,12.552
vap,15,5,11.301
vap,15,5,11.524
vap,15,5,11.796
vap,15,5,10.946
vap,15,5,10.028
vap,15,5,12.790
vap,15,5,13.109
vap,15,5,11.473
vap,15,5,11.035
vap,15,5,10.921
vap,15,5,10.360
vap,15,5,10.860
vap,15,5,10.820
vap,15,5,12.329
vap,15,5,10.792
vap,15,5,11.225
vap,15,5,11.650
vap,15,5,10.522
vap,15,5,10.253
vap,15,5,11.067
vap,15,5,10.210
vap,15,5,9.812
baseline,0,1,5.405
baseline,0,1,4.820
baseline,0,1,5.411
baseline,0,1,5.319
baseline,0,1,4.898
baseline,0,1,4.930
baseline,0,1,5.265
baseline,0,1,4.745
baseline,0,1,5.237
baseline,0,1,4.991
baseline,0,1,4.883
baseline,0,1,4.663
baseline,0,1,4.860
baseline,0,1,5.007
baseline,0,1,5.104
baseline,0,1,5.437
baseline,0,1,4.763
baseline,0,1,4.782
baseline,0,1,5.110
baseline,0,1,5.413
baseline,0,1,4.792
baseline,0,1,5.249
baseline,0,1,5.176
baseline,0,1,4.924
baseline,0,1,4.775
baseline,0,1,4.880
baseline,0,1,5.242
baseline,0,1,5.430
baseline,0,1,4.950
baseline,0,1,5.116
baseline,0,1,5.907
baseline,0,1,6.276
baseline,0,1,7.010
baseline,0,1,6.641
baseline,0,1,6.610
baseline,0,1,6.102
baseline,0,1,6.342
baseline,0,1,7.903
baseline,0,1,7.019
baseline,0,1,6.994
baseline,0,1,6.225
baseline,0,1,6.615
baseline,0,1,6.885
baseline,0,1,6.564
baseline,0,1,6.829
baseline,0,1,6.267
baseline,0,1,6.037
baseline,0,1,6.198
baseline,0,1,6.757
baseline,0,1,7.106
baseline,0,1,6.339
baseline,0,1,7.131
baseline,0,1,6.387
baseline,0,1,6.841
baseline,0,1,6.843
baseline,0,1,6.969
baseline,0,1,5.941
baseline,0,1,5.955
baseline,0,1,6.626
baseline,0,1,6.317
baseline,0,1,6.599
baseline,0,1,6.113
baseline,0,1,6.113
baseline,0,1,6.428
baseline,0,1,5.936
baseline,0,1,5.972
baseline,0,1,6.023
baseline,0,1,5.777
baseline,0,1,6.233
baseline,0,1,5.513
baseline,0,1,6.864
baseline,0,1,6.615
baseline,0,1,5.845
baseline,0,1,5.282
baseline,0,1,4.734
baseline,0,1,4.614
baseline,0,1,5.805
baseline,0,1,5.647
baseline,0,1,4.847
baseline,0,1,5.224
baseline,0,1,5.159
baseline,0,1,4.945
baseline,0,1,5.409
baseline,0,1,5.074
baseline,0,1,5.159
baseline,0,1,5.119
baseline,0,1,4.845
baseline,0,1,4.905
baseline,0,1,4.870
baseline,0,1,4.996
baseline,0,1,5.025
baseline,0,1,4.930
baseline,0,1,5.205
baseline,0,1,4.961
baseline,0,1,5.464
baseline,0,1,4.782
baseline,0,1,5.101
baseline,0,1,4.947
baseline,0,1,4.737
baseline,0,1,4.784
baseline,0,2,5.093
baseline,0,2,7.848
baseline,0,2,5.759
baseline,0,2,6.056
baseline,0,2,5.212
baseline,0,2,4.916
baseline,0,2,5.417
baseline,0,2,75.677
baseline,0,2,6.664
baseline,0,2,5.947
baseline,0,2,5.663
baseline,0,2,5.013
baseline,0,2,4.814
baseline,0,2,5.690
baseline,0,2,5.933
baseline,0,2,5.517
baseline,0,2,5.345
baseline,0,2,4.958
baseline,0,2,5.430
baseline,0,2,5.548
baseline,0,2,4.918
baseline,0,2,4.925
baseline,0,2,5.417
baseline,0,2,4.980
baseline,0,2,5.477
baseline,0,2,5.482
baseline,0,2,5.239
baseline,0,2,5.044
baseline,0,2,4.930
baseline,0,2,4.666
baseline,0,2,6.539
baseline,0,2,6.444
baseline,0,2,5.720
baseline,0,2,6.650
baseline,0,2,6.157
baseline,0,2,6.101
baseline,0,2,5.658
baseline,0,2,6.141
baseline,0,2,5.451
baseline,0,2,5.097
baseline,0,2,5.141
baseline,0,2,5.327
baseline,0,2,4.832
baseline,0,2,5.325
baseline,0,2,5.284
baseline,0,2,4.926
baseline,0,2,4.931
baseline,0,2,5.368
baseline,0,2,4.985
baseline,0,2,4.861
baseline,0,2,5.391
baseline,0,2,5.692
baseline,0,2,5.560
baseline,0,2,5.948
baseline,0,2,5.168
baseline,0,2,5.250
baseline,0,2,5.591
baseline,0,2,5.065
baseline,0,2,5.393
baseline,0,2,6.344
baseline,0,2,6.260
baseline,0,2,7.348
baseline,0,2,6.801
baseline,0,2,6.578
baseline,0,2,6.030
baseline,0,2,6.083
baseline,0,2,5.959
baseline,0,2,6.858
baseline,0,2,6.967
baseline,0,2,6.164
baseline,0,2,5.433
baseline,0,2,5.122
baseline,0,2,5.277
baseline,0,2,5.868
baseline,0,2,6.672
baseline,0,2,6.179
baseline,0,2,5.509
baseline,0,2,4.550
baseline,0,2,5.441
baseline,0,2,5.345
baseline,0,2,4.739
baseline,0,2,5.016
baseline,0,2,4.987
baseline,0,2,4.846
baseline,0,2,5.296
baseline,0,2,5.904
baseline,0,2,4.911
baseline,0,2,59.441
baseline,0,2,5.049
baseline,0,2,5.033
baseline,0,2,5.148
baseline,0,2,4.764
baseline,0,2,5.245
baseline,0,2,5.384
baseline,0,2,5.520
baseline,0,2,5.567
baseline,0,2,5.057
baseline,0,2,4.886
baseline,0,2,6.397
baseline,0,2,5.647
baseline,0,3,5.585
baseline,0,3,6.172
baseline,0,3,6.288
baseline,0,3,6.676
baseline,0,3,6.587
baseline,0,3,6.266
baseline,0,3,5.594
baseline,0,3,4.800
baseline,0,3,5.157
baseline,0,3,4.983
baseline,0,3,5.060
baseline,0,3,5.076
baseline,0,3,4.929
baseline,0,3,4.789
baseline,0,3,5.016
baseline,0,3,5.258
baseline,0,3,4.988
baseline,0,3,6.192
baseline,0,3,6.183
baseline,0,3,6.362
baseline,0,3,5.923
baseline,0,3,6.693
baseline,0,3,6.955
baseline,0,3,7.540
baseline,0,3,5.694
baseline,0,3,5.215
baseline,0,3,5.103
baseline,0,3,5.555
baseline,0,3,7.155
baseline,0,3,5.682
baseline,0,3,5.846
baseline,0,3,5.253
baseline,0,3,4.686
baseline,0,3,5.390
baseline,0,3,5.227
baseline,0,3,4.974
baseline,0,3,5.145
baseline,0,3,5.220
baseline,0,3,5.257
baseline,0,3,5.554
baseline,0,3,5.219
baseline,0,3,5.753
baseline,0,3,4.954
baseline,0,3,4.711
baseline,0,3,5.062
baseline,0,3,4.888
baseline,0,3,4.869
baseline,0,3,5.558
baseline,0,3,6.764
baseline,0,3,6.086
baseline,0,3,6.262
baseline,0,3,5.247
baseline,0,3,5.665
baseline,0,3,5.264
baseline,0,3,5.127
baseline,0,3,5.160
baseline,0,3,5.344
baseline,0,3,4.820
baseline,0,3,4.968
baseline,0,3,5.045
baseline,0,3,4.694
baseline,0,3,4.891
baseline,0,3,5.007
baseline,0,3,4.746
baseline,0,3,4.885
baseline,0,3,5.758
baseline,0,3,4.971
baseline,0,3,5.005
baseline,0,3,6.265
baseline,0,3,4.956
baseline,0,3,4.757
baseline,0,3,78.359
baseline,0,3,6.399
baseline,0,3,5.109
baseline,0,3,5.410
baseline,0,3,5.427
baseline,0,3,4.684
baseline,0,3,5.023
baseline,0,3,5.724
baseline,0,3,5.429
baseline,0,3,5.230
baseline,0,3,4.645
baseline,0,3,4.548
baseline,0,3,4.802
baseline,0,3,6.127
baseline,0,3,5.101
baseline,0,3,5.239
baseline,0,3,4.982
baseline,0,3,5.209
baseline,0,3,4.951
baseline,0,3,5.437
baseline,0,3,4.894
baseline,0,3,5.129
baseline,0,3,4.800
baseline,0,3,4.801
baseline,0,3,4.710
baseline,0,3,5.746
baseline,0,3,4.807
baseline,0,3,6.023
baseline,0,3,5.191
baseline,0,4,4.622
baseline,0,4,4.987
baseline,0,4,5.309
baseline,0,4,4.934
baseline,0,4,5.337
baseline,0,4,4.848
baseline,0,4,4.781
baseline,0,4,5.344
baseline,0,4,4.834
baseline,0,4,4.769
baseline,0,4,5.955
baseline,0,4,4.780
baseline,0,4,4.614
baseline,0,4,5.709
baseline,0,4,4.768
baseline,0,4,4.835
baseline,0,4,5.203
baseline,0,4,4.939
baseline,0,4,11.310
baseline,0,4,5.288
baseline,0,4,5.013
baseline,0,4,5.221
baseline,0,4,5.102
baseline,0,4,5.546
baseline,0,4,6.434
baseline,0,4,7.023
baseline,0,4,6.650
baseline,0,4,5.676
baseline,0,4,5.902
baseline,0,4,5.577
baseline,0,4,4.890
baseline,0,4,5.576
baseline,0,4,4.716
baseline,0,4,4.627
baseline,0,4,5.215
baseline,0,4,6.456
baseline,0,4,4.817
baseline,0,4,5.709
baseline,0,4,4.879
baseline,0,4,5.496
baseline,0,4,5.301
baseline,0,4,5.075
baseline,0,4,4.736
baseline,0,4,5.992
baseline,0,4,4.934
baseline,0,4,4.895
baseline,0,4,5.250
baseline,0,4,4.921
baseline,0,4,4.614
baseline,0,4,5.251
baseline,0,4,4.841
baseline,0,4,5.355
baseline,0,4,5.663
baseline,0,4,7.177
baseline,0,4,7.230
baseline,0,4,7.215
baseline,0,4,6.423
baseline,0,4,5.792
baseline,0,4,5.708
baseline,0,4,5.787
baseline,0,4,5.355
baseline,0,4,4.648
baseline,0,4,5.184
baseline,0,4,4.675
baseline,0,4,5.093
baseline,0,4,5.080
baseline,0,4,4.799
baseline,0,4,4.889
baseline,0,4,5.380
baseline,0,4,4.825
baseline,0,4,4.670
baseline,0,4,5.698
baseline,0,4,4.961
baseline,0,4,4.630
baseline,0,4,5.726
baseline,0,4,6.243
baseline,0,4,5.715
baseline,0,4,6.654
baseline,0,4,6.642
baseline,0,4,7.132
baseline,0,4,8.201
baseline,0,4,7.260
baseline,0,4,6.836
baseline,0,4,7.346
baseline,0,4,6.584
baseline,0,4,6.554
baseline,0,4,6.375
baseline,0,4,5.684
baseline,0,4,5.719
baseline,0,4,6.781
baseline,0,4,6.152
baseline,0,4,5.877
baseline,0,4,5.680
baseline,0,4,5.600
baseline,0,4,7.578
baseline,0,4,6.943
baseline,0,4,6.025
baseline,0,4,5.939
baseline,0,4,5.836
baseline,0,4,5.441
baseline,0,5,5.055
baseline,0,5,4.662
baseline,0,5,5.536
baseline,0,5,5.400
baseline,0,5,5.468
baseline,0,5,5.541
baseline,0,5,5.215
baseline,0,5,4.820
baseline,0,5,4.970
baseline,0,5,4.517
baseline,0,5,4.763
baseline,0,5,4.967
baseline,0,5,4.847
baseline,0,5,4.685
baseline,0,5,6.019
baseline,0,5,6.128
baseline,0,5,6.022
baseline,0,5,5.111
baseline,0,5,4.774
baseline,0,5,4.742
baseline,0,5,4.993
baseline,0,5,4.827
baseline,0,5,4.699
baseline,0,5,4.884
baseline,0,5,4.716
baseline,0,5,5.196
baseline,0,5,5.153
baseline,0,5,4.698
baseline,0,5,4.819
baseline,0,5,6.183
baseline,0,5,5.381
baseline,0,5,4.941
baseline,0,5,4.926
baseline,0,5,5.111
baseline,0,5,5.027
baseline,0,5,4.878
baseline,0,5,4.764
baseline,0,5,4.929
baseline,0,5,4.734
baseline,0,5,4.812
baseline,0,5,4.602
baseline,0,5,5.733
baseline,0,5,5.228
baseline,0,5,4.698
baseline,0,5,5.174
baseline,0,5,5.179
baseline,0,5,4.913
baseline,0,5,5.739
baseline,0,5,5.505
baseline,0,5,4.765
baseline,0,5,5.406
baseline,0,5,5.482
baseline,0,5,5.338
baseline,0,5,5.482
baseline,0,5,5.253
baseline,0,5,5.429
baseline,0,5,7.753
baseline,0,5,6.181
baseline,0,5,5.809
baseline,0,5,6.126
baseline,0,5,6.645
baseline,0,5,7.491
baseline,0,5,6.789
baseline,0,5,6.270
baseline,0,5,5.956
baseline,0,5,6.161
baseline,0,5,5.906
baseline,0,5,6.280
baseline,0,5,5.751
baseline,0,5,5.233
baseline,0,5,5.150
baseline,0,5,4.716
baseline,0,5,4.660
baseline,0,5,5.252
baseline,0,5,5.134
baseline,0,5,5.004
baseline,0,5,4.847
baseline,0,5,5.330
baseline,0,5,4.632
baseline,0,5,4.934
baseline,0,5,6.106
baseline,0,5,6.414
baseline,0,5,6.802
baseline,0,5,5.968
baseline,0,5,6.896
baseline,0,5,6.074
baseline,0,5,6.910
baseline,0,5,6.558
baseline,0,5,4.878
baseline,0,5,5.562
baseline,0,5,4.893
baseline,0,5,5.372
baseline,0,5,5.508
baseline,0,5,5.160
baseline,0,5,4.824
baseline,0,5,5.418
baseline,0,5,5.211
baseline,0,5,5.286
baseline,0,5,4.677
baseline,0,5,4.912
